<?xml version="1.0"?>
<?xml-stylesheet type="text/xsl" href="C:\_stile metadati RVEN\xsl\Dataset - RNDT.xsl"?>
<gmd:MD_Metadata xsi:schemaLocation="http://www.isotc211.org/2005/gmd http://standards.iso.org/ittf/PubliclyAvailableStandards/ISO_19139_Schemas/gmd/gmd.xsd" xmlns:gco="http://www.isotc211.org/2005/gco" xmlns:gml="http://www.opengis.net/gml/3.2" xmlns:gmd="http://www.isotc211.org/2005/gmd" xmlns:xlink="http://www.w3.org/1999/xlink" xmlns:xsi="http://www.w3.org/2001/XMLSchema-instance"><gmd:fileIdentifier><gco:CharacterString>c0104011_Comuni</gco:CharacterString></gmd:fileIdentifier><gmd:language><gmd:LanguageCode codeList="./resource/codeList.xml#LanguageCode" codeListValue="ita">ita</gmd:LanguageCode></gmd:language><gmd:characterSet><gmd:MD_CharacterSetCode codeList="./resource/codeList.xml#MD_CharacterSetCode" codeListValue="utf8">utf8</gmd:MD_CharacterSetCode></gmd:characterSet><gmd:parentIdentifier><gco:CharacterString>c0104011_Comuni</gco:CharacterString></gmd:parentIdentifier><gmd:hierarchyLevel><gmd:MD_ScopeCode codeList="./resource/codeList.xml#MD_ScopeCode" codeListValue="dataset">Dataset</gmd:MD_ScopeCode></gmd:hierarchyLevel><gmd:contact><gmd:CI_ResponsibleParty><gmd:organisationName><gco:CharacterString>Regione Veneto, U.O. Pianificazione Territoriale Strategica e Cartografia</gco:CharacterString></gmd:organisationName><gmd:contactInfo><gmd:CI_Contact><gmd:phone><gmd:CI_Telephone><gmd:voice><gco:CharacterString>041 2792561-2139</gco:CharacterString></gmd:voice></gmd:CI_Telephone></gmd:phone><gmd:address><gmd:CI_Address><gmd:electronicMailAddress><gco:CharacterString>pianificazioneterritoriale@regione.veneto.it</gco:CharacterString></gmd:electronicMailAddress></gmd:CI_Address></gmd:address><gmd:onlineResource><gmd:CI_OnlineResource><gmd:linkage><gmd:URL>http://www.regione.veneto.it/web/ambiente-e-territorio/sistema-informativo-territoriale</gmd:URL></gmd:linkage></gmd:CI_OnlineResource></gmd:onlineResource></gmd:CI_Contact></gmd:contactInfo><gmd:role><gmd:CI_RoleCode codeList="./resource/codeList.xml#CI_RoleCode" codeListValue="pointOfContact">Punto di contatto</gmd:CI_RoleCode></gmd:role></gmd:CI_ResponsibleParty></gmd:contact><gmd:dateStamp><gco:Date>2018-02-27</gco:Date></gmd:dateStamp><gmd:metadataStandardName><gco:CharacterString>DM - Regole tecniche RNDT</gco:CharacterString></gmd:metadataStandardName><gmd:metadataStandardVersion><gco:CharacterString>10 novembre 2011</gco:CharacterString></gmd:metadataStandardVersion><gmd:referenceSystemInfo><gmd:MD_ReferenceSystem><gmd:referenceSystemIdentifier><gmd:RS_Identifier><gmd:code><gco:CharacterString>ROMA40/OVEST</gco:CharacterString></gmd:code></gmd:RS_Identifier></gmd:referenceSystemIdentifier></gmd:MD_ReferenceSystem></gmd:referenceSystemInfo><gmd:identificationInfo><gmd:MD_DataIdentification><gmd:citation><gmd:CI_Citation><gmd:title><gco:CharacterString>Limiti Amministrativi poligonali dei comuni della Regione Veneto</gco:CharacterString></gmd:title><gmd:date><gmd:CI_Date><gmd:date><gco:Date>2018-02-27</gco:Date></gmd:date><gmd:dateType><gmd:CI_DateTypeCode codeList="./resource/codeList.xml#CI_DateTypeCode" codeListValue="revision">Revisione</gmd:CI_DateTypeCode></gmd:dateType></gmd:CI_Date></gmd:date><gmd:identifier><gmd:RS_Identifier><gmd:code><gco:CharacterString>c0104011_Comuni</gco:CharacterString></gmd:code></gmd:RS_Identifier></gmd:identifier><gmd:citedResponsibleParty><gmd:CI_ResponsibleParty><gmd:organisationName><gco:CharacterString>Regione Veneto, U.O. Pianificazione Territoriale Strategica e Cartografia</gco:CharacterString></gmd:organisationName><gmd:contactInfo><gmd:CI_Contact><gmd:phone><gmd:CI_Telephone><gmd:voice><gco:CharacterString>041 2792561-2139</gco:CharacterString></gmd:voice></gmd:CI_Telephone></gmd:phone><gmd:address><gmd:CI_Address><gmd:electronicMailAddress><gco:CharacterString>pianificazione.territoriale@regione.veneto.it</gco:CharacterString></gmd:electronicMailAddress></gmd:CI_Address></gmd:address><gmd:onlineResource><gmd:CI_OnlineResource><gmd:linkage><gmd:URL>http://www.regione.veneto.it/web/ambiente-e-territorio/sistema-informativo-territoriale</gmd:URL></gmd:linkage></gmd:CI_OnlineResource></gmd:onlineResource></gmd:CI_Contact></gmd:contactInfo><gmd:role><gmd:CI_RoleCode codeList="./resource/codeList.xml#CI_RoleCode" codeListValue="owner">Proprietario</gmd:CI_RoleCode></gmd:role></gmd:CI_ResponsibleParty></gmd:citedResponsibleParty><gmd:presentationForm><gmd:CI_PresentationFormCode codeList="./resource/codeList.xml#CI_PresentationFormCode" codeListValue="mapDigital">Mappa digitale</gmd:CI_PresentationFormCode></gmd:presentationForm><gmd:series><gmd:CI_Series><gmd:issueIdentification><gco:CharacterString>c0104011_Comuni</gco:CharacterString></gmd:issueIdentification></gmd:CI_Series></gmd:series><gmd:otherCitationDetails><gco:CharacterString></gco:CharacterString></gmd:otherCitationDetails></gmd:CI_Citation></gmd:citation><gmd:abstract><gco:CharacterString>Confini comunali poligonali</gco:CharacterString></gmd:abstract><gmd:pointOfContact><gmd:CI_ResponsibleParty><gmd:organisationName><gco:CharacterString>Regione Veneto, U.O. Pianificazione Territoriale Strategica e Cartografia</gco:CharacterString></gmd:organisationName><gmd:contactInfo><gmd:CI_Contact><gmd:phone><gmd:CI_Telephone><gmd:voice><gco:CharacterString>041 2792561-2139</gco:CharacterString></gmd:voice></gmd:CI_Telephone></gmd:phone><gmd:address><gmd:CI_Address><gmd:electronicMailAddress><gco:CharacterString>pianificazione.territoriale@regione.veneto.it</gco:CharacterString></gmd:electronicMailAddress></gmd:CI_Address></gmd:address><gmd:onlineResource><gmd:CI_OnlineResource><gmd:linkage><gmd:URL>http://www.regione.veneto.it/web/ambiente-e-territorio/sistema-informativo-territoriale</gmd:URL></gmd:linkage></gmd:CI_OnlineResource></gmd:onlineResource></gmd:CI_Contact></gmd:contactInfo><gmd:role><gmd:CI_RoleCode codeList="./resource/codeList.xml#CI_RoleCode" codeListValue="pointOfContact">Punto di contatto</gmd:CI_RoleCode></gmd:role></gmd:CI_ResponsibleParty></gmd:pointOfContact><gmd:resourceMaintenance><gmd:MD_MaintenanceInformation><gmd:maintenanceAndUpdateFrequency><gmd:MD_MaintenanceFrequencyCode codeList="./resource/codeList.xml#MD_MaintenanceFrequencyCode" codeListValue="asNeeded">Quando necessario</gmd:MD_MaintenanceFrequencyCode></gmd:maintenanceAndUpdateFrequency></gmd:MD_MaintenanceInformation></gmd:resourceMaintenance><gmd:descriptiveKeywords><gmd:MD_Keywords><gmd:keyword><gco:CharacterString>Unità amministrative</gco:CharacterString></gmd:keyword><gmd:thesaurusName><gmd:CI_Citation><gmd:title><gco:CharacterString>GEMET - INSPIRE themes, version 1.0</gco:CharacterString></gmd:title><gmd:date><gmd:CI_Date><gmd:date><gco:Date>2008-06-01</gco:Date></gmd:date><gmd:dateType><gmd:CI_DateTypeCode codeList="./resource/codeList.xml#CI_DateTypeCode" codeListValue="publication">Pubblicazione</gmd:CI_DateTypeCode></gmd:dateType></gmd:CI_Date></gmd:date></gmd:CI_Citation></gmd:thesaurusName></gmd:MD_Keywords></gmd:descriptiveKeywords><gmd:resourceConstraints><gmd:MD_Constraints><gmd:useLimitation><gco:CharacterString>IODL 2.0</gco:CharacterString></gmd:useLimitation></gmd:MD_Constraints></gmd:resourceConstraints><gmd:resourceConstraints><gmd:MD_LegalConstraints><gmd:accessConstraints><gmd:MD_RestrictionCode codeList="./resource/codeList.xml#MD_RestrictionCode" codeListValue="license">Licenza</gmd:MD_RestrictionCode></gmd:accessConstraints><gmd:useConstraints><gmd:MD_RestrictionCode codeList="./resource/codeList.xml#MD_RestrictionCode" codeListValue="license">Licenza</gmd:MD_RestrictionCode></gmd:useConstraints><gmd:otherConstraints><gco:CharacterString>Dato pubblico</gco:CharacterString></gmd:otherConstraints></gmd:MD_LegalConstraints></gmd:resourceConstraints><gmd:resourceConstraints><gmd:MD_SecurityConstraints><gmd:classification><gmd:MD_ClassificationCode codeList="./resource/codeList.xml#MD_ClassificationCode" codeListValue="unclassified">non classificato</gmd:MD_ClassificationCode></gmd:classification></gmd:MD_SecurityConstraints></gmd:resourceConstraints><gmd:spatialRepresentationType><gmd:MD_SpatialRepresentationTypeCode codeList="./resource/codeList.xml#MD_SpatialRepresentationTypeCode" codeListValue="vector">Dati vettoriali</gmd:MD_SpatialRepresentationTypeCode></gmd:spatialRepresentationType><gmd:spatialResolution><gmd:MD_Resolution><gmd:equivalentScale><gmd:MD_RepresentativeFraction><gmd:denominator><gco:Integer>10000</gco:Integer></gmd:denominator></gmd:MD_RepresentativeFraction></gmd:equivalentScale></gmd:MD_Resolution></gmd:spatialResolution><gmd:language><gmd:LanguageCode codeList="./resource/codeList.xml#LanguageCode" codeListValue="ita">ita</gmd:LanguageCode></gmd:language><gmd:characterSet><gmd:MD_CharacterSetCode codeList="./resource/codeList.xml#MD_CharacterSetCode" codeListValue="utf8">utf8</gmd:MD_CharacterSetCode></gmd:characterSet><gmd:topicCategory><gmd:MD_TopicCategoryCode>boundaries</gmd:MD_TopicCategoryCode></gmd:topicCategory><gmd:extent><gmd:EX_Extent><gmd:geographicElement><gmd:EX_GeographicBoundingBox><gmd:westBoundLongitude><gco:Decimal>10.6229368792133</gco:Decimal></gmd:westBoundLongitude><gmd:eastBoundLongitude><gco:Decimal>13.1022304265516</gco:Decimal></gmd:eastBoundLongitude><gmd:southBoundLatitude><gco:Decimal>44.7944402180517</gco:Decimal></gmd:southBoundLatitude><gmd:northBoundLatitude><gco:Decimal>46.680462222327</gco:Decimal></gmd:northBoundLatitude></gmd:EX_GeographicBoundingBox></gmd:geographicElement><gmd:temporalElement><gmd:EX_TemporalExtent><gmd:extent><gml:TimePeriod gml:id="TP1"><gml:beginPosition>2007-07-12</gml:beginPosition><gml:endPosition>2099-12-31</gml:endPosition></gml:TimePeriod></gmd:extent></gmd:EX_TemporalExtent></gmd:temporalElement><gmd:verticalElement><gmd:EX_VerticalExtent><gmd:minimumValue><gco:Real>0</gco:Real></gmd:minimumValue><gmd:maximumValue><gco:Real>0</gco:Real></gmd:maximumValue><gmd:verticalCRS xlink:href="http://www.epsg-registry.org/export.htm?gml=urn:ogc:def:crs:EPSG::3003"/></gmd:EX_VerticalExtent></gmd:verticalElement></gmd:EX_Extent></gmd:extent><gmd:supplementalInformation><gco:CharacterString>Confini comunali aggiornati a seguito della L.R.n. 9 del 21/02/2014  che istituisce Longarone in provincia di Belluno (nato dalla fusione tra Castellavazzo e Longarone), L.R.n. 34 del 24/12/2013 che istituisce Quero Vas in provincia di Belluno (nato dalla fusione tra Quero e Vas), L.R.n.13 del 12/07/2007 (rettifica dei comuni di Arcole e Zimella - VR), L.R. n 5 2016 che istituisce Val di Zoldo (unione di Forno di Zoldo e Zoldo Alto-BL), L.R. n 6 del18/02/2016 che istituisce Alpago (unione di Farra d'Alpago, Pieve d'Alpago e Puos d'Alpago-BL), L.R.n.5 del 17/2/17 che isituisce Val Liona (unione di Grancona e S.Germano dei Berici - VI), L.R.n.5 del 09/02/2018 che istituisce Barbarano Mossano (unione di Barbarano e Mossano),  L.R.n.8 del 21/02/2014 cambio nome di Brenzone in Brenzone sul Garda, L.R. 27 del 06/12/2016 cambio nome di Costermano in Costermano sul Garda, L.R. 182 del 05/12/2017 passaggio del comune di Sappada al Friuli Venezia Giulia.</gco:CharacterString></gmd:supplementalInformation></gmd:MD_DataIdentification></gmd:identificationInfo><gmd:distributionInfo><gmd:MD_Distribution><gmd:distributionFormat><gmd:MD_Format><gmd:name><gco:CharacterString>shp</gco:CharacterString></gmd:name><gmd:version><gco:CharacterString>ESRI Shape</gco:CharacterString></gmd:version></gmd:MD_Format></gmd:distributionFormat><gmd:distributor><gmd:MD_Distributor><gmd:distributorContact><gmd:CI_ResponsibleParty><gmd:organisationName><gco:CharacterString>Regione del Veneto - Area Tutela e Sviluppo del Territorio</gco:CharacterString></gmd:organisationName><gmd:contactInfo><gmd:CI_Contact><gmd:phone><gmd:CI_Telephone><gmd:voice><gco:CharacterString>+39 041 2792025 - 2023</gco:CharacterString></gmd:voice></gmd:CI_Telephone></gmd:phone><gmd:address><gmd:CI_Address><gmd:electronicMailAddress><gco:CharacterString>area.tutelasviluppoterritorio@regione.veneto.it</gco:CharacterString></gmd:electronicMailAddress></gmd:CI_Address></gmd:address><gmd:onlineResource><gmd:CI_OnlineResource><gmd:linkage><gmd:URL>http://www.regione.veneto.it/web/ambiente-e-territorio/sistema-informativo-territoriale</gmd:URL></gmd:linkage></gmd:CI_OnlineResource></gmd:onlineResource></gmd:CI_Contact></gmd:contactInfo><gmd:role><gmd:CI_RoleCode codeList="./resource/codeList.xml#CI_RoleCode" codeListValue="distributor">Distributore</gmd:CI_RoleCode></gmd:role></gmd:CI_ResponsibleParty></gmd:distributorContact></gmd:MD_Distributor></gmd:distributor><gmd:transferOptions><gmd:MD_DigitalTransferOptions><gmd:onLine><gmd:CI_OnlineResource><gmd:linkage><gmd:URL>http://idt.regione.veneto.it</gmd:URL></gmd:linkage></gmd:CI_OnlineResource></gmd:onLine></gmd:MD_DigitalTransferOptions></gmd:transferOptions></gmd:MD_Distribution></gmd:distributionInfo><gmd:dataQualityInfo><gmd:DQ_DataQuality><gmd:scope><gmd:DQ_Scope><gmd:level><gmd:MD_ScopeCode codeList="./resource/codeList.xml#MD_ScopeCode" codeListValue="dataset">Dataset</gmd:MD_ScopeCode></gmd:level></gmd:DQ_Scope></gmd:scope><gmd:report><gmd:DQ_AbsoluteExternalPositionalAccuracy><gmd:result><gmd:DQ_QuantitativeResult><gmd:valueUnit><gml:BaseUnit gml:id="m"><gml:identifier codeSpace="http://www.bipm.org/en/si/base_units">metre</gml:identifier><gml:unitsSystem xlink:href="http://www.bipm.org/en/si"/></gml:BaseUnit></gmd:valueUnit><gmd:value><gco:Record><gco:Real>4</gco:Real></gco:Record></gmd:value></gmd:DQ_QuantitativeResult></gmd:result></gmd:DQ_AbsoluteExternalPositionalAccuracy></gmd:report><gmd:report><gmd:DQ_DomainConsistency><gmd:result><gmd:DQ_ConformanceResult><gmd:specification><gmd:CI_Citation><gmd:title><gco:CharacterString>REGOLAMENTO (UE) N. 1089/2010 DELLA COMMISSIONE del 23 novembre 2010 recante attuazione della direttiva 2007/2/CE del Parlamento europeo e del Consiglio per quanto riguarda l'interoperabilità dei set di dati territoriali e dei servizi di dati territoriali</gco:CharacterString></gmd:title><gmd:date><gmd:CI_Date><gmd:date><gco:Date>2010-12-08</gco:Date></gmd:date><gmd:dateType><gmd:CI_DateTypeCode codeList="./resource/codeList.xml#CI_DateTypeCode" codeListValue="publication">Pubblicazione</gmd:CI_DateTypeCode></gmd:dateType></gmd:CI_Date></gmd:date></gmd:CI_Citation></gmd:specification><gmd:explanation><gco:CharacterString>Vedi specifiche</gco:CharacterString></gmd:explanation><gmd:pass/></gmd:DQ_ConformanceResult></gmd:result></gmd:DQ_DomainConsistency></gmd:report><gmd:lineage><gmd:LI_Lineage><gmd:statement><gco:CharacterString>Carta Tecnica Regionale Rasterizzata - Digitalizzazione dalle immagini georeferenziate della CTR raster, successive correzioni derivate da segnalazioni da parte di amministrazioni comunali. In seguito i poligoni sono stati corretti sul fronte topologico anche per confronto con gli elementi vettoriali a scala 1:5.000. - Confini comunali aggiornati a seguito di Legge Regionale n 13 del 12 luglio 2007 (rettifica di Arcole (VR) e Zimella (VR) pubblicati nel BUR numero 63 del 17 luglio 2007 a pagina 9), L.R.n. 9 del 21.02.2014 (BUR n. 22 del 21.02.2014) che istituisce Longarone in provincia di Belluno (nato dalla fusione tra Castellavazzo e Longarone), L.R.n. 34 del 24.12.2013 (BUR n. 115 del 27.12.2013) che istituisce Quero Vas in provincia di Belluno (nato dalla fusione tra Quero e Vas), Legge Regionale n.5 17/2/17 che isituisce Val Liona (unione di Grancona e S.Germano dei Berici - VI)</gco:CharacterString></gmd:statement></gmd:LI_Lineage></gmd:lineage></gmd:DQ_DataQuality></gmd:dataQualityInfo></gmd:MD_Metadata>
